source,file,language,translated,fuzzy,untranslated,total,pct_translated,pct_fuzzy,pct_untranslated
HAPI FHIR Core libraries,rendering-phrases,pt_BR,0,0,1106,1106,0.0,0.0,100.0
HAPI FHIR Core libraries,rendering-phrases,de,41,0,1186,1227,3.3,0.0,96.7
HAPI FHIR Core libraries,validator-messages,es,695,0,857,1552,44.8,0.0,55.2
HAPI FHIR Core libraries,rendering-phrases,fr,1100,0,127,1227,89.6,0.0,10.4
HAPI FHIR Core libraries,validator-messages,ko,0,0,1552,1552,0.0,0.0,100.0
HAPI FHIR Core libraries,validator-messages,ja,884,0,668,1552,57.0,0.0,43.0
HAPI FHIR Core libraries,validator-messages,lt,1400,0,152,1552,90.2,0.0,9.8
HAPI FHIR Core libraries,rendering-phrases,sv,1158,0,69,1227,94.4,0.0,5.6
HAPI FHIR Core libraries,rendering-phrases,ja,73,0,1154,1227,5.9,0.0,94.1
HAPI FHIR Core libraries,rendering-phrases,ru,1099,0,128,1227,89.6,0.0,10.4
HAPI FHIR Core libraries,validator-messages,uz,0,0,1552,1552,0.0,0.0,100.0
HAPI FHIR Core libraries,rendering-phrases,uk,1047,0,180,1227,85.3,0.0,14.7
HAPI FHIR Core libraries,rendering-phrases,lt,1072,0,155,1227,87.4,0.0,12.6
HAPI FHIR Core libraries,validator-messages,uk,0,0,1552,1552,0.0,0.0,100.0
HAPI FHIR Core libraries,validator-messages,sv,1473,0,79,1552,94.9,0.0,5.1
HAPI FHIR Core libraries,validator-messages,de,821,0,731,1552,52.9,0.0,47.1
HAPI FHIR Core libraries,rendering-phrases,es,40,0,1187,1227,3.3,0.0,96.7
HAPI FHIR Core libraries,validator-messages,en,0,0,1552,1552,0.0,0.0,100.0
HAPI FHIR Core libraries,validator-messages,nl,1367,94,91,1552,88.1,6.1,5.9
HAPI FHIR Core libraries,rendering-phrases,zh,0,0,1227,1227,0.0,0.0,100.0
HAPI FHIR Core libraries,validator-messages,fr,4,0,1548,1552,0.3,0.0,99.7
HAPI FHIR Core libraries,validator-messages,ru,1336,0,216,1552,86.1,0.0,13.9
HAPI FHIR Core libraries,rendering-phrases,ar,0,1095,132,1227,0.0,89.2,10.8
HAPI FHIR Core libraries,rendering-phrases,uz,1090,0,137,1227,88.8,0.0,11.2
HAPI FHIR Core libraries,rendering-phrases,ko,0,0,1227,1227,0.0,0.0,100.0
HAPI FHIR Core libraries,validator-messages,zh,0,0,1552,1552,0.0,0.0,100.0
HAPI FHIR Core libraries,rendering-phrases,pt,110,928,189,1227,9.0,75.6,15.4
HAPI FHIR Core libraries,validator-messages,pt,14,1283,255,1552,0.9,82.7,16.4
HAPI FHIR Core libraries,validator-messages,ar,0,1425,127,1552,0.0,91.8,8.2
HAPI FHIR Core libraries,rendering-phrases,en,0,0,1227,1227,0.0,0.0,100.0
HAPI FHIR Core libraries,rendering-phrases,nl,1147,0,80,1227,93.5,0.0,6.5
